image_path,label
train\Cam\10_jpg.rf.250125e6a0daed5b1f4d874e3e9351d0.jpg,0
train\Cam\11_jpg.rf.f3bd2aac9c07dc731b1230abc3cd1e0f.jpg,0
train\Cam\13_jpg.rf.b18b5b0e67ac7977a4ceef6b23308ad1.jpg,0
train\Cam\14_jpg.rf.73f15b5b349a375584f6f06c4726f096.jpg,0
train\Cam\15_jpg.rf.8647bcbcae91fa0451f9d46e2136b0b1.jpg,0
train\Cam\17_jpg.rf.20f26f27b6a00c2dc7515c4b8a0bc91c.jpg,0
train\Cam\18_jpg.rf.d0608c35493406becd1c39d94e301404.jpg,0
train\Cam\1_jpg.rf.f0df4ab6cb56b529d65dca96b0f2cb45.jpg,0
train\Cam\20_jpg.rf.dda85cb381386dea8ba279808437ef34.jpg,0
train\Cam\21_jpg.rf.68717dfa25cc7483e70fd0aea4d9d214.jpg,0
train\Cam\23_jpg.rf.c2269dc37037ce70d9fae887d675e905.jpg,0
train\Cam\24_jpg.rf.bf873b8ac85e00a007f8dc238cde0344.jpg,0
train\Cam\25_jpg.rf.003cd2e5d6d05557ccb1ca4492762f67.jpg,0
train\Cam\26_jpg.rf.2b9dd4deb07700fc960085d7d44fb24a.jpg,0
train\Cam\27_jpg.rf.64a6535c81f60a744ac5a5d3f5ce32ca.jpg,0
train\Cam\28_jpg.rf.6146a304bba22ec51f06a3ece91344f3.jpg,0
train\Cam\29_jpg.rf.ee3266c4b7cfec43f756026886fd17e6.jpg,0
train\Cam\2_jpg.rf.9898bd965a8b590ea278490922397866.jpg,0
train\Cam\30_jpg.rf.9eeed203b728fae37b537990158a3609.jpg,0
train\Cam\31_jpg.rf.f53bf853760537310949341aef734372.jpg,0
train\Cam\32_jpg.rf.871db1716d2b126799dbe43bbb414e67.jpg,0
train\Cam\33_jpg.rf.7013638e2d240857a3b852d8c410a6b9.jpg,0
train\Cam\34_jpg.rf.9bb798712b0ab0c497dfc9ac2fc6e1bd.jpg,0
train\Cam\35_jpg.rf.4dc4174870147f9d310cc55dadbe9f73.jpg,0
train\Cam\36_jpg.rf.59e9aad26379c80099493b3964932d8d.jpg,0
train\Cam\37_jpg.rf.0636e638c4f9b5a2082dfc1c491e2207.jpg,0
train\Cam\39_jpg.rf.415073220719634f8d254c969dd074b8.jpg,0
train\Cam\3_jpg.rf.a9e7f0ed58b37cfd1a02ff8d3ed539d3.jpg,0
train\Cam\40_jpg.rf.01ab1bc63cb0f6e6f0e8f9d7c8de1f9b.jpg,0
train\Cam\41_jpg.rf.2f22e0d0a064c1aba2553ae78d2c5beb.jpg,0
train\Cam\42_jpg.rf.559eea3e5c2c71f241573e5f88b80fed.jpg,0
train\Cam\44_jpg.rf.8ca6452c50817c44189c4ac4e18ea790.jpg,0
train\Cam\45_jpg.rf.2d9371e253842ac92d5c3b3821ae9113.jpg,0
train\Cam\46_jpg.rf.f8cc72d33922551a0bd66ebda860a1e3.jpg,0
train\Cam\48_jpg.rf.a98132c9423a43dc2172974765a2a1eb.jpg,0
train\Cam\5_jpg.rf.328990861f241dd454a0735ca3f36e1b.jpg,0
train\Cam\8_jpg.rf.9008d4708987681a12a2dcf5999f7688.jpg,0
train\Cam\9_jpg.rf.bbfdd0e1eed2aaa4ed9fc026aa1a3d78.jpg,0
train\Cam\IMG_4102-MOV_out0008_png_jpg.rf.db43bdbfed9fd5328e1e30157aeb0516.jpg,0
train\Cam\Screenshot-2024-04-07-102109_jpg.rf.ac87f71c1afbce374217bb667035a1e4.jpg,0
train\Cam\Screenshot-2024-04-07-102446_jpg.rf.2108c70b062b4108e03b1ead6f29cc6a.jpg,0
train\Cam\Screenshot-2024-04-07-102824_jpg.rf.c0b72db1948eacce0213b6b5c8b7f7a1.jpg,0
train\Cam\Screenshot-2024-04-07-103021_jpg.rf.90cc1bf6a25792695439afd2633cfb64.jpg,0
train\Cam\Screenshot-2024-04-07-103140_jpg.rf.122e82740715b114b643cf2b8b8d92bf.jpg,0
train\Cam\Screenshot-2024-04-07-103309_jpg.rf.c0ead4b15d3f6c819bc0194d4c997476.jpg,0
train\Cam\Screenshot-2024-04-07-103324_jpg.rf.a405a502a8fe6776174b1a3c8c5d21c5.jpg,0
train\Cam\Screenshot-2024-04-07-103336_jpg.rf.1c759f2fab5fd5c3fb7860e38d39f955.jpg,0
train\Cam\Screenshot-2024-04-07-103343_jpg.rf.ad59cb662d1707f3795ca37c786c3f25.jpg,0
train\Cam\Screenshot-2024-04-07-103533_jpg.rf.845fea80ecc6daeca7412b2dfb69004c.jpg,0
train\Cam\Screenshot-2024-04-07-103543_jpg.rf.19ee78533e0ecc5139e8c0da8c16f6de.jpg,0
train\Cam\Screenshot-2024-04-07-103640_jpg.rf.45f46f69238d8a8662a701c67f78b99e.jpg,0
train\Cam\Screenshot-2024-04-07-103649_jpg.rf.6382ccbd189ac99409f37749e9e8cbaf.jpg,0
train\Cam\Screenshot-2024-04-07-103703_jpg.rf.20f93396f6e21705516552ef949954dd.jpg,0
train\Cam\Screenshot-2024-04-07-103731_jpg.rf.39c85b2df85117e09ffcbbc8428b8660.jpg,0
train\Cam\Screenshot-2024-04-07-103757_jpg.rf.a040a9a8ceac0f731ca9da09482473b7.jpg,0
train\Cam\Screenshot-2024-04-07-103804_jpg.rf.55a8f96759bdd0e4c147d828bbafe770.jpg,0
train\Cam\Screenshot-2024-04-07-103827_jpg.rf.a506dacd4177ffc85770def38cec0e79.jpg,0
train\Cam\Screenshot-2024-04-07-103906_jpg.rf.d772a8ae975af4765a74c4c10a449017.jpg,0
train\Cam\Screenshot-2024-04-07-104108_jpg.rf.4048640059388494649741d1e2ef7089.jpg,0
train\Cam\Screenshot-2024-04-07-104146_jpg.rf.fdb0a356d19c78f05f255cf0ae9debdc.jpg,0
train\Cam\Screenshot-2024-04-07-104158_jpg.rf.4348a0b67f91fa631c35e19e033ccbeb.jpg,0
train\Cam\Screenshot-2024-04-07-104551_jpg.rf.c0412769731af86c9682cf26766b4b13.jpg,0
train\Cam\Screenshot-2024-04-07-105012_jpg.rf.e482b95f6c424ec6807380b36cefca4c.jpg,0
train\Cam\Screenshot-2024-04-07-105048_jpg.rf.03786cc859cf075a7f9802477bfd373b.jpg,0
train\Cam\Screenshot-2024-04-07-105125_jpg.rf.50c3b4fe6424e2cd7748287d2c3accff.jpg,0
train\Cam\Screenshot-2024-04-07-105136_jpg.rf.dd16d943ffcc616086922466248245dd.jpg,0
train\Cam\Screenshot-2024-04-07-105201_jpg.rf.8e96108276d3af4bcc3960ebec078236.jpg,0
train\Cam\Screenshot-2024-04-07-105222_jpg.rf.b0445b112b93ca459fdc76bef9767770.jpg,0
train\Cam\Screenshot-2024-04-07-105253_jpg.rf.1051bbf8cfb167031c50e46baf93da6c.jpg,0
train\Cam\Screenshot-2024-04-07-105606_jpg.rf.05d01ce042bc725bb4ca6bf6e7124f50.jpg,0
train\Cam\Screenshot-2024-04-07-105621_jpg.rf.22519174961998505fc3a7395f600f78.jpg,0
train\Cam\Screenshot-2024-04-07-105738_jpg.rf.7dd198b7abcc4efae34b142bbee5e930.jpg,0
train\Cam\Screenshot-2024-04-07-105841_jpg.rf.f301cf13f7648e11aba9834205178071.jpg,0
train\Cam\Screenshot-2024-04-07-110050_jpg.rf.55a611066c2cb5296bebaa5c69a544c9.jpg,0
train\Cam\Screenshot-2024-04-07-110302_jpg.rf.773875b01d545aaf57839378b5ea710e.jpg,0
train\Cam\Screenshot-2024-04-07-110417_jpg.rf.10b05f73a1c5cc2cd03a926dd9a5ddd7.jpg,0
train\Cam\Screenshot-2024-04-07-110445_jpg.rf.4ac887a26a60a87c5bbf86b8bc9382f2.jpg,0
train\Cam\Screenshot-2024-04-07-110917_jpg.rf.0f75c426ff67571cbbecd3a97a667928.jpg,0
train\Cam\Screenshot-2024-04-07-110954_jpg.rf.2c0eb983f1a7160dc7cf31317b569255.jpg,0
train\Cam\Screenshot-2024-04-07-111012_jpg.rf.fef1abf434a5ffe2cd9d84a7a97691e3.jpg,0
train\Cam\Screenshot-2024-04-07-111054_jpg.rf.01e4b07d013b0c731d759a8667881a00.jpg,0
train\Cam\Screenshot-2024-04-07-111230_jpg.rf.94980944732763661f6e6984ec19edf3.jpg,0
train\Cam\Screenshot-2024-04-07-111346_jpg.rf.56101035387b07bedaa2bc66599660be.jpg,0
train\Cam\Screenshot-2024-04-07-111420_jpg.rf.e708228357858667ef763ef94b776680.jpg,0
train\Cam\Screenshot-2024-04-07-111428_jpg.rf.e7ab6419b47e6d57fe2fd060a1716824.jpg,0
train\Cam\Screenshot-2024-04-07-111437_jpg.rf.17733abcf4f28fcfd207a1f2374f1bda.jpg,0
train\Cam\Screenshot-2024-04-07-111823_jpg.rf.b75297a9c3d3189a183cf034dadee8ad.jpg,0
train\Cam\Screenshot-2024-04-07-112008_jpg.rf.d7d8a521bad605ce445b1fc68c2c43c6.jpg,0
train\Cam\Screenshot-2024-04-07-112023_jpg.rf.eea9a1f0ddfb7934d64dcc89e11e8f76.jpg,0
train\Cam\Screenshot-2024-04-07-112114_jpg.rf.e9c1b1bb78a7bcda910299bf133295bd.jpg,0
train\Cam\Screenshot-2024-04-07-112201_jpg.rf.903b827b7012128f38dc77738bca81d9.jpg,0
train\Cam\Screenshot-2024-04-07-112422_jpg.rf.6117c9520ef390efaecb8d6c1551c82f.jpg,0
train\Cam\Screenshot-2024-04-07-112435_jpg.rf.0659d60570d8571ae0bb40cea5e82661.jpg,0
train\Cam\Screenshot-2024-04-07-112441_jpg.rf.c3ae4c3ce0947548bb586a6f863564d3.jpg,0
train\Cam\Screenshot-2024-04-07-112449_jpg.rf.31c44188d0c3ca90df055bacb8b96501.jpg,0
train\Cam\Screenshot-2024-04-07-112720_jpg.rf.287afe4a30cd466e216411057efd8eb1.jpg,0
train\Cam\Screenshot-2024-04-07-112809_jpg.rf.31425b9e42c77889176a4ec1cb7c1bda.jpg,0
train\Cam\Screenshot-2024-04-07-112819_jpg.rf.03e62568058401da888a6249279e9328.jpg,0
train\Cam\Screenshot-2024-04-07-112834_jpg.rf.2ec4081f81c19b1612f75cc5254105bf.jpg,0
train\Cam\Screenshot-2024-04-07-112911_jpg.rf.c5fd8405a27ec78a17dd2b7f8057acc0.jpg,0
train\Cam\Screenshot-2024-04-07-113136_jpg.rf.bc06faf36faa4ea2b214f0aa844ba5c2.jpg,0
train\Cam\Screenshot-2024-04-07-113203_jpg.rf.39ce7a078015ee3da594caf1d9c252e2.jpg,0
train\Cam\Screenshot-2024-04-07-113217_jpg.rf.7049d6e6f29e796e0788bcc557f12a2d.jpg,0
train\Cam\Screenshot-2024-04-07-113224_jpg.rf.207752b696b967f7ab266c770af76af6.jpg,0
train\Cam\Screenshot-2024-04-07-113237_jpg.rf.f615d95229f25881257b0ac3131f44b9.jpg,0
train\Cam\Screenshot-2024-04-07-113300_jpg.rf.102968476d71b631ca97155f1d1b1cff.jpg,0
train\Cam\Screenshot-2024-04-07-113308_jpg.rf.dbe7c7888672b66214f61a3422706001.jpg,0
train\Cam\Screenshot-2024-04-07-113314_jpg.rf.950799cc5571298a9e2937ad082cb5bc.jpg,0
train\Cam\Screenshot-2024-04-07-113417_jpg.rf.591107acb3319882932228d50fd9db9f.jpg,0
train\Cam\Screenshot-2024-04-07-113529_jpg.rf.afe3263b9092abf36b54d8e61c13fc6c.jpg,0
train\Cam\Screenshot-2024-04-07-113703_jpg.rf.416b3f97682a772708b0c51825c016d7.jpg,0
train\Cam\Screenshot-2024-04-07-114140_jpg.rf.770b4babe8566226091f891a40de1ff1.jpg,0
train\Cam\Screenshot-2024-04-07-114224_jpg.rf.98b71e265e4db15e475cbc5e143886a8.jpg,0
train\Cam\Screenshot-2024-04-07-114253_jpg.rf.a80c4487bbd8b2862c5b6af0526c9529.jpg,0
train\Cam\Screenshot-2024-04-07-114422_jpg.rf.b76a545c5e5d1585a4c7bb6c00c7140a.jpg,0
train\Cam\Screenshot-2024-04-07-114431_jpg.rf.83667e821f928f541291d47fce01fffc.jpg,0
train\Cam\Screenshot-2024-04-07-114450_jpg.rf.1510139f4fc19f5ae08bff1385056787.jpg,0
train\Cam\Screenshot-2024-04-07-114500_jpg.rf.e37be0dea8778eebd3e3e72581617cd0.jpg,0
train\Cam\Screenshot-2024-04-07-114536_jpg.rf.4adc1d3ddd691724afa71c4c7f07ce29.jpg,0
train\Cam\Screenshot-2024-04-07-114931_jpg.rf.6ac5d52af99a802b78a7bfcbc190398c.jpg,0
train\Cam\Screenshot-2024-04-07-115202_jpg.rf.1295921005a671aee61be72634d0a63a.jpg,0
train\Cam\Screenshot-2024-04-07-115225_jpg.rf.638258b1f87f34948fd68d71e872f06e.jpg,0
train\Cam\Screenshot-2024-04-07-115233_jpg.rf.860d6e85e5c248a59fb057819fe5797a.jpg,0
train\Cam\Screenshot-2024-04-07-115241_jpg.rf.01d55b4fa8eb4d14be6d74b1da4c1f48.jpg,0
train\Cam\Screenshot-2024-04-07-115315_jpg.rf.35d26911b1ab5d441a38e21d4ddf766e.jpg,0
train\Cam\Screenshot-2024-04-07-115350_jpg.rf.a0a6f872aa81e6e2e0b8a0f5c1c1744c.jpg,0
train\Cam\Screenshot-2024-04-07-115419_jpg.rf.452a47dbe829e83aa4cbbbacd199bede.jpg,0
train\Cam\Screenshot-2024-04-07-115428_jpg.rf.37e186cc04ad1193da27f2640fe103e6.jpg,0
train\Cam\Screenshot-2024-04-07-115435_jpg.rf.7585ac6aaa9b0de713b597751991dd41.jpg,0
train\Cam\Screenshot-2024-04-07-115506_jpg.rf.7383d0a262b665303b93ab3a01fb9850.jpg,0
train\Cam\Screenshot-2024-04-07-115845_jpg.rf.c5288c167221b85c385c3ccd61a442bc.jpg,0
train\Cam\Screenshot-2024-04-07-115915_jpg.rf.c40ce84b454a2a810bb2875f082d6d70.jpg,0
train\Cam\Screenshot-2024-04-07-120141_jpg.rf.bd0d0fc64b6a25b2233f276db557e071.jpg,0
train\Cam\Screenshot-2024-04-07-120203_jpg.rf.d1c92816846d3f662ae0addc865cc68a.jpg,0
train\Cam\Screenshot-2024-04-07-120221_jpg.rf.cdd81c5830d35575740130125be2ec77.jpg,0
train\Cam\Screenshot-2024-04-07-120229_jpg.rf.818802f09f5adcf5a10fda7d215b29da.jpg,0
train\Cam\Screenshot-2024-04-07-120347_jpg.rf.bcbe9a3a47be25fa7c56601071556005.jpg,0
train\Cam\Screenshot-2024-04-07-120410_jpg.rf.3f9caad6f1e00ea5bdff930b54ef84c9.jpg,0
train\Cam\Screenshot-2024-04-07-120504_jpg.rf.9a252a3fccce221083400e13fe989361.jpg,0
train\Cam\Screenshot-2024-04-07-120515_jpg.rf.2ef511839616b94c0cd23e8a63c3d1cf.jpg,0
train\Cam\Screenshot-2024-04-07-120524_jpg.rf.6b8e12a160709f8dbd7e950b51dba1b1.jpg,0
train\Cam\Screenshot-2024-04-07-120532_jpg.rf.39cda5e4291a941f83a8154217c7db0f.jpg,0
train\Cam\Screenshot-2024-04-07-120616_jpg.rf.4e91030c42c4e6d0c69f86e74ab850ea.jpg,0
train\Cam\signDP133_1_11zon_jpg.rf.32214ac5cbd69299713f189ae8fbba86.jpg,0
train\Cam\signDP134_2_11zon_jpg.rf.1c285b0dccbedcb2513242ba10b8979f.jpg,0
train\Cam\signP101_4_11zon_jpg.rf.8f654272fed6d131a36174f6f7d04b26.jpg,0
train\Cam\signP103b_7_11zon_jpg.rf.9e9a1a4a7cf24fec85622ee63bed015b.jpg,0
train\Cam\signP103c_8_11zon_jpg.rf.061831d862b34fa7f53523441e2897f5.jpg,0
train\Cam\signP104_9_11zon_jpg.rf.933433ca4c5a543f0fb9d910177a2373.jpg,0
train\Cam\signP106b_12_11zon_jpg.rf.f77bace48aea9d7ebc6153e35a516ba5.jpg,0
train\Cam\signP106c_13_11zon_jpg.rf.58d9c751210f53ea64062bcf51e5d312.jpg,0
train\Cam\signP107a_15_11zon_jpg.rf.052aa9078b97721ef6e035ef4bbf7194.jpg,0
train\Cam\signP107b_16_11zon_jpg.rf.deb32679a4b8087c5f7728644fff69e4.jpg,0
train\Cam\signP107_14_11zon_jpg.rf.effff02acf1e585fdcf7635775f1766c.jpg,0
train\Cam\signP108a_18_11zon_jpg.rf.7e59c8e5a3de20326dad529e829b4d8c.jpg,0
train\Cam\signP108_17_11zon_jpg.rf.1d8d769765887843caf0c90ab748dc02.jpg,0
train\Cam\signP109_19_11zon_jpg.rf.2c9bd410e79f2a7868ee58ec99f8b3e3.jpg,0
train\Cam\signP110b_21_11zon_jpg.rf.36591f0d837c200fa2d43ca45b0b270e.jpg,0
train\Cam\signP111a_22_11zon_jpg.rf.9faeae7dc4b7485050b65cdeb2fa1b7e.jpg,0
train\Cam\signP113_24_11zon_jpg.rf.45a30d9782f73a33c4ed119f149c8460.jpg,0
train\Cam\signP115_26_11zon_jpg.rf.7cdd8173f7e75194ffab9c970e4cf43d.jpg,0
train\Cam\signP116_27_11zon_jpg.rf.7dd951ca7fb33a38355948ec8d842ddf.jpg,0
train\Cam\signP117_28_11zon_jpg.rf.3583ccad808f7e13673f7b07adb586f3.jpg,0
train\Cam\signP118_29_11zon_jpg.rf.fffdc7f018cc335e6f78335312ca731c.jpg,0
train\Cam\signP120_31_11zon_jpg.rf.c686041c061254fc186c22c9f0f92842.jpg,0
train\Cam\signP121_32_11zon_jpg.rf.b788323c03720568d5e957f77185b54c.jpg,0
train\Cam\signP123a_33_11zon_jpg.rf.c65ba4c3d4bce138888cd897c5f67684.jpg,0
train\Cam\signP123b_34_11zon_jpg.rf.fa86f671c8f421e29957b1d50865f9ff.jpg,0
train\Cam\signP124b_36_11zon_jpg.rf.1d7cb16d0e3fa0a9e3e9eefabc9f335e.jpg,0
train\Cam\signP124c_37_11zon_jpg.rf.cd66f556cc613648b0a2d47225bcea28.jpg,0
train\Cam\signP124d_38_11zon_jpg.rf.a66cbf3c1d08814e47d2a6adbc031765.jpg,0
train\Cam\signP124f_40_11zon_jpg.rf.7762b1d299e474dc98b6b2d3a04f093f.jpg,0
train\Cam\signP125_41_11zon_jpg.rf.ab76384fc3c79440938750077e12b92c.jpg,0
train\Cam\signP126_42_11zon_jpg.rf.ec215fb4604c8ea6236d4b637879bf88.jpg,0
train\Cam\signP127a_44_11zon_jpg.rf.376651ff34e7571faa2c66e6f00f90bd.jpg,0
train\Cam\signP127b_45_11zon_jpg.rf.12eee4873b9a2eface89af5f1499504d.jpg,0
train\Cam\signP127_43_11zon_jpg.rf.4a317c70b40dcbc7c3529a1c541769bc.jpg,0
train\Cam\signP128_48_11zon_jpg.rf.7a5921e344aa5512e369a1e759b8d83a.jpg,0
train\Cam\signP129_49_11zon_jpg.rf.13193f304eab6291ed03a618d0c031e4.jpg,0
train\Cam\signP131a_1_11zon_jpg.rf.daaa80c7af3136643dc00706c4a877ee.jpg,0
train\Cam\signP131b_2_11zon_jpg.rf.3cf5af65c8186b701c104226661b6385.jpg,0
train\Cam\signP131c_3_11zon_jpg.rf.32cb742769acf58964a6d23b63554f3d.jpg,0
train\Cam\signP132_4_11zon_jpg.rf.72004b238c0397f94a5998ae21bb329e.jpg,0
train\Cam\signP136_5_11zon_jpg.rf.342995df46cee76020516b326df9124d.jpg,0
train\Cam\signP137_6_11zon_jpg.rf.22a0cf77188601310af1f012541097c5.jpg,0
train\Cam\signP138_7_11zon_jpg.rf.39c472c95cce5be94c04b89c13c8336a.jpg,0
train\Cam\signP139_8_11zon_jpg.rf.32c70b6fd15c74f39bd90e9d2cdfc77d.jpg,0
train\Cam\signS508a_10_11zon_jpg.rf.1eb808fad7a1db8559984d5cee2504fc.jpg,0
train\Chidan\Picture100_png.rf.9725af9a12d30fbe6fc2c3def779e09f.jpg,1
train\Chidan\Picture101_png.rf.d04d43bada2991ae5159bd4b5789d8fa.jpg,1
train\Chidan\Picture104_png.rf.7f7e63c18653e2e783c4a59b6aaacc90.jpg,1
train\Chidan\Picture110_png.rf.5124fb91c330e6e004e109dae07bca1d.jpg,1
train\Chidan\Picture111_png.rf.a755fded652aa24265def33c4d69169c.jpg,1
train\Chidan\Picture112_png.rf.589a94783f3a1e1d6fb55823785e2efe.jpg,1
train\Chidan\Picture113_png.rf.1afd5d1f2d28fbb7a901d8338a649e9f.jpg,1
train\Chidan\Picture114_png.rf.2ed3812fa7a86623a8a5fcdeaa183f0e.jpg,1
train\Chidan\Picture116_png.rf.939b91e7ccaedfeb8749f99749a12520.jpg,1
train\Chidan\Picture117_png.rf.afe03afb2ce0d19731765975edeeae6d.jpg,1
train\Chidan\Picture118_png.rf.09a38c88090cb1fb138178933ed084b4.jpg,1
train\Chidan\Picture120_png.rf.60beb262fe942c23b8ac01be7b263112.jpg,1
train\Chidan\Picture12_png.rf.f0131981b04ade2ad7535c5c705eb549.jpg,1
train\Chidan\Picture15_png.rf.344c282e813b06093d166ef3ac2a8306.jpg,1
train\Chidan\Picture16_png.rf.e111245e236d963437741b9e90d5ac78.jpg,1
train\Chidan\Picture22_png.rf.f250a8181560478651725e11c70bea70.jpg,1
train\Chidan\Picture23_png.rf.4ba9e2669b50e04a64f1b30007b30584.jpg,1
train\Chidan\Picture27_png.rf.16a8327082788f0c7e4e3ba2549dee41.jpg,1
train\Chidan\Picture41_png.rf.415c54968f9e3083a3190921fa232316.jpg,1
train\Chidan\Picture42_png.rf.322b51e96e2a5fc5e2a0b2c701a1f1bb.jpg,1
train\Chidan\Picture45_png.rf.78ebaf6d1a11c4d67353726b840ea4c3.jpg,1
train\Chidan\Picture49_png.rf.b7e96fd3d7b5d6236ed8edba5e5cd337.jpg,1
train\Chidan\Picture57_png.rf.24ec8e28a8cad7fcc2027ca7fe3a6f13.jpg,1
train\Chidan\Picture58_png.rf.0fe62978cfebd27fc03770b3e4b53429.jpg,1
train\Chidan\Picture59_png.rf.53e5540eadfa1cd67573c3d42c867ce6.jpg,1
train\Chidan\Picture60_png.rf.49b5cd5116d5f108b7cea4d05b177ab3.jpg,1
train\Chidan\Picture61_png.rf.60d79cb11cd3eedcc36f1842c3871585.jpg,1
train\Chidan\Picture64_png.rf.c8a69103e222fd5fca65865176d331ae.jpg,1
train\Chidan\Picture65_png.rf.dfcf166c684dc523e58bd7421096a6c2.jpg,1
train\Chidan\Picture66_png.rf.9640b891969631aab52ca32da333065e.jpg,1
train\Chidan\Picture67_png.rf.40caa22ab4c453219d890f5e64404773.jpg,1
train\Chidan\Picture72_png.rf.e4dfd194b41490ab0f8f5d3215d99e33.jpg,1
train\Chidan\Picture78_png.rf.d9d86c34a8b228a200ba8287d1958abc.jpg,1
train\Chidan\Picture79_png.rf.a629e89b4b698a33a59ed3632444db19.jpg,1
train\Chidan\Picture81_png.rf.f524e7a7588c245825a0ccd1a81feac9.jpg,1
train\Chidan\Picture84_png.rf.47dde600aeace773141297330cf5adfd.jpg,1
train\Chidan\Picture85_png.rf.953a8785dde9855bbf92110133d2701a.jpg,1
train\Chidan\Picture86_png.rf.696195ae8390e5b064948bf6e498e017.jpg,1
train\Chidan\Picture89_png.rf.43e249781e342c3ba655248e253a14a6.jpg,1
train\Chidan\Picture90_png.rf.9c3d4573b7276c66703e20c023a47b50.jpg,1
train\Chidan\Picture92_png.rf.1b5fc2150416c77d448879b8fb31af57.jpg,1
train\Chidan\Picture95_png.rf.eb273deba2647985cc5e7081abf7207b.jpg,1
train\Chidan\Picture96_png.rf.0465b8694c67cfe25c9c0f848d74a897.jpg,1
train\Chidan\Picture9_png.rf.9365e932bb62ae5b46f8faebfb60c4d9.jpg,1
train\Chidan\Screenshot-2024-04-07-102134_jpg.rf.93b86e35398981f683c2d3f591b7a3cd.jpg,1
train\Chidan\Screenshot-2024-04-07-102529_jpg.rf.4c2e4416f9f0691abd0193f507bf70cb.jpg,1
train\Chidan\Screenshot-2024-04-07-102811_jpg.rf.f4b1e13b58d9d2e49c36ba17890baaa3.jpg,1
train\Chidan\Screenshot-2024-04-07-103227_jpg.rf.5c0fa13ed0b89e042afae59fff8c45b8.jpg,1
train\Chidan\Screenshot-2024-04-07-103240_jpg.rf.3b67a20ce6a60e84fb8e9522ecca61dd.jpg,1
train\Chidan\Screenshot-2024-04-07-103715_jpg.rf.a3e3c670639df07e7051b4de3daafa57.jpg,1
train\Chidan\Screenshot-2024-04-07-103944_jpg.rf.459245c009ad37e698214a0b0103fc94.jpg,1
train\Chidan\Screenshot-2024-04-07-104016_jpg.rf.ba09a10c540d33f5f99a1965df8fb439.jpg,1
train\Chidan\Screenshot-2024-04-07-104027_jpg.rf.912f3bf08cd529df37766bcaa9b144fc.jpg,1
train\Chidan\Screenshot-2024-04-07-104034_jpg.rf.ecf028601b458c63b2f0b3c96754f99d.jpg,1
train\Chidan\Screenshot-2024-04-07-104042_jpg.rf.0091766c8241cb04169859a9c5c71c1c.jpg,1
train\Chidan\Screenshot-2024-04-07-104758_jpg.rf.ee1fe848b1fce28b2b1eaecbf005e4c2.jpg,1
train\Chidan\Screenshot-2024-04-07-104831_jpg.rf.81b66c15d1b0f66d30b3500a8e3f44a1.jpg,1
train\Chidan\Screenshot-2024-04-07-104854_jpg.rf.1988d62401dbff6f55e0c0acb52d678c.jpg,1
train\Chidan\Screenshot-2024-04-07-105028_jpg.rf.633de87c616464f8aeac87af48a8bb71.jpg,1
train\Chidan\Screenshot-2024-04-07-105111_jpg.rf.1786db253dae4780cdf0f906cf4024f5.jpg,1
train\Chidan\Screenshot-2024-04-07-105805_jpg.rf.c968557f1a7ff57cc73bd68e710cd896.jpg,1
train\Chidan\Screenshot-2024-04-07-110017_jpg.rf.69b1ff520fa950bd9f9c543463661c6b.jpg,1
train\Chidan\Screenshot-2024-04-07-110105_jpg.rf.ecec8d3c9f90d72bedb3349ac6d8d49c.jpg,1
train\Chidan\Screenshot-2024-04-07-110125_jpg.rf.66d4b612bde52c057bb8e58324236b2d.jpg,1
train\Chidan\Screenshot-2024-04-07-110225_jpg.rf.25912ec15e01a4e8bf940627e112f6dd.jpg,1
train\Chidan\Screenshot-2024-04-07-110333_jpg.rf.8648f5ce6fb8148360e333c58f067244.jpg,1
train\Chidan\Screenshot-2024-04-07-110402_jpg.rf.12c104ec492550885d8473ecb4c757b7.jpg,1
train\Chidan\Screenshot-2024-04-07-110410_jpg.rf.7cdf0e4b9ed62a6c99e870f399c114f4.jpg,1
train\Chidan\Screenshot-2024-04-07-110943_jpg.rf.7aa638373d4d76cb2ae40546030d89c0.jpg,1
train\Chidan\Screenshot-2024-04-07-111136_jpg.rf.7d8d8797f2c7430dd4fba192d8a65f71.jpg,1
train\Chidan\Screenshot-2024-04-07-111136_jpg.rf.bab6a034f3dabcab2dc9211e32d01407.jpg,1
train\Chidan\Screenshot-2024-04-07-111146_jpg.rf.83c3624078149189b5d02add64c5b7fc.jpg,1
train\Chidan\Screenshot-2024-04-07-111315_jpg.rf.4a966c86b46f307c3b42ea111bcaab8a.jpg,1
train\Chidan\Screenshot-2024-04-07-112216_jpg.rf.989c26dd8fb59a489b475cf73e9769d6.jpg,1
train\Chidan\Screenshot-2024-04-07-112706_jpg.rf.a560e19e6a0b1dfbc9431c7444a01713.jpg,1
train\Chidan\Screenshot-2024-04-07-112757_jpg.rf.65f8a551f3bbe4218fdb1e6d8003ecb1.jpg,1
train\Chidan\Screenshot-2024-04-07-113049_jpg.rf.efdad58f6b1e9d96e9fee9b49c3b9a8b.jpg,1
train\Chidan\Screenshot-2024-04-07-113335_jpg.rf.6b0b57e14b6ed44e14548b7e54a1fda2.jpg,1
train\Chidan\Screenshot-2024-04-07-113452_jpg.rf.2d5fb74d1d1f66e743b046c814376b3b.jpg,1
train\Chidan\Screenshot-2024-04-07-113638_jpg.rf.76ef8aa31ae1289f3f55ce03f304b0a6.jpg,1
train\Chidan\Screenshot-2024-04-07-113713_jpg.rf.0d17fb7b54854cdbc43f4073ee82b548.jpg,1
train\Chidan\Screenshot-2024-04-07-114314_jpg.rf.c37effb96395a6cbed49fe73155183c7.jpg,1
train\Chidan\Screenshot-2024-04-07-114518_jpg.rf.70125fb790b20413c2b9844dbaa875aa.jpg,1
train\Chidan\Screenshot-2024-04-07-114829_jpg.rf.53cd0bfd68a3f380e4aa12096f2c9a49.jpg,1
train\Chidan\Screenshot-2024-04-07-114848_jpg.rf.a3c43c8c5402bc5ccc4179d7ad09d9fb.jpg,1
train\Chidan\Screenshot-2024-04-07-114858_jpg.rf.b274ae651f0bb625026a8b43f1939e01.jpg,1
train\Chidan\Screenshot-2024-04-07-115254_jpg.rf.9ffbae766a21b87d3030170ee24e09d8.jpg,1
train\Chidan\Screenshot-2024-04-07-115446_jpg.rf.7329dd7e3ff1d01a0f846b436d70680c.jpg,1
train\Chidan\Screenshot-2024-04-07-115553_jpg.rf.a7a2409ec96b3d6238bcb718554f638d.jpg,1
train\Chidan\Screenshot-2024-04-07-115603_jpg.rf.ccd5460bbabc7af69d2a007ba4aff1af.jpg,1
train\Chidan\Screenshot-2024-04-07-120151_jpg.rf.31edfd8f2adda0d75405c1e64c05822b.jpg,1
train\Chidan\Screenshot-2024-04-07-120659_jpg.rf.270a6786f024d6798cef637df441cd07.jpg,1
train\Chidan\Screenshot-2024-04-07-120828_jpg.rf.2c2aac89431a49852042fa9662a82035.jpg,1
train\Chidan\Screenshot-2024-04-07-120850_jpg.rf.81a26c2d2185b8a5e32a7047e7c838af.jpg,1
train\Chidan\Screenshot-2024-04-07-120907_jpg.rf.d2cea4d42420719b511bf5b51ca3799b.jpg,1
train\Chidan\Screenshot-2024-04-07-120917_jpg.rf.314bff9806f8e85394958f78da4f018e.jpg,1
train\Chidan\Screenshot-2024-04-07-120938_jpg.rf.1a9ac040d4fd6be71800ce6c6475ef1c.jpg,1
train\Chidan\Screenshot-2024-04-07-121002_jpg.rf.20eb984661e3379e96f61b1039dc228e.jpg,1
train\Chidan\Screenshot-2024-04-07-121126_jpg.rf.751072fdf02b739a32b4f0d19a3efd24.jpg,1
train\Chidan\Screenshot-2024-04-07-121137_jpg.rf.9904ff4edf88b115e9cbaa3568fb4fcb.jpg,1
train\Chidan\Screenshot-2024-04-07-121147_jpg.rf.2253fb86e6f14a7062fc0422182787fb.jpg,1
train\Chidan\Screenshot-2024-04-07-121158_jpg.rf.1df956e67296c2c2095d48d5b6e5e4b7.jpg,1
train\Chidan\Screenshot-2024-04-07-121222_jpg.rf.c77b7276e60515629712cf4fa428bee8.jpg,1
train\Chidan\Screenshot-2024-05-20-141614_png.rf.b8d0cf1184ef86e3d51be940f356033e.jpg,1
train\Chidan\signI401_jpg.rf.6f067006b0a4af807ac878f9616a59b5.jpg,1
train\Chidan\signI405a_jpg.rf.16fb47fcc38fc539298ba630b0705f45.jpg,1
train\Chidan\signI405c_jpg.rf.81d928c4ddb1a5ba3e26c733a93e89e3.jpg,1
train\Chidan\signI406_jpg.rf.c65484c42436bdaacb9f3351fe58a7a5.jpg,1
train\Chidan\signI407a_jpg.rf.476df0fb524bb82bb1baa9198e3f53de.jpg,1
train\Chidan\signI407c_jpg.rf.00e64f00122468ae653579e1f7ee1bd8.jpg,1
train\Chidan\signI408a_jpg.rf.4976b313a98fe2599be2c4e6a3a68781.jpg,1
train\Chidan\signI408_jpg.rf.617e200e04bbe4c764708aa6a4e4edad.jpg,1
train\Chidan\signI409_jpg.rf.7d9d1789341f698fc6bf168bb20e225d.jpg,1
train\Chidan\signI410_jpg.rf.ab3e8d6b1030f5c2dd4b71267c21d59f.jpg,1
train\Chidan\signI413a_jpg.rf.981fc9694cda01f467f81c2b7d350317.jpg,1
train\Chidan\signI413b_jpg.rf.bed9cd4869e01781baf067daed2c627f.jpg,1
train\Chidan\signI413c_jpg.rf.d372a92a705ac301a13c7eaab35e5fc0.jpg,1
train\Chidan\signI418_jpg.rf.67dd3a19edf3e38a31096885ee2fe7c5.jpg,1
train\Chidan\signI444_jpg.rf.328d9ff332838204d1ac760234caa98c.jpg,1
train\Chidan\signI446_jpg.rf.5c6b759121cb4c12d2d87130ba46b5ad.jpg,1
train\Chidan\signI447a_jpg.rf.b9b3d1a99e1286fc19f30249566a1655.jpg,1
train\Chidan\signI447b_jpg.rf.967aa4221516efd77ed979c2266e9e94.jpg,1
train\Chidan\signI448_jpg.rf.056b73ad7458c26d1a815abca1af1209.jpg,1
train\Chidan\signI449_jpg.rf.b9bca3fbd7609337b8c7dba851f66b2e.jpg,1
train\Hieulenh\1-2-Copy_png_jpg.rf.5c3055103629c23758a0cae648515234.jpg,2
train\Hieulenh\10-Copy-2-_JPG_jpg.rf.fb489209f2599f9e0d483c6e8ea99b57.jpg,2
train\Hieulenh\10-Copy-2-_png_jpg.rf.47f4e76384c582053ad0b47ab0da43d3.jpg,2
train\Hieulenh\10-Copy-5-_png_jpg.rf.b0de55e46ba80eab62df038883f273ec.jpg,2
train\Hieulenh\14-Copy-3-_JPG_jpg.rf.01bead880d7a2ae42ec2976aab58a40a.jpg,2
train\Hieulenh\16-Copy-2-_JPG_jpg.rf.8aa73d7f8821ebe9f275338fc8df9df9.jpg,2
train\Hieulenh\2-Copy-2-_png_jpg.rf.af31a203ef246473734411a0408ccf37.jpg,2
train\Hieulenh\2-Copy-2-_png_jpg.rf.f83325abe17814b54fbc67ee68dc3cf4.jpg,2
train\Hieulenh\3-Copy-2-_png_jpg.rf.2e0092056857431d469536bbfa2a706f.jpg,2
train\Hieulenh\3-Copy-2-_png_jpg.rf.663a527a121c406a2a162cdb545c2275.jpg,2
train\Hieulenh\3-Copy-2-_png_jpg.rf.6845ac88b9c38161b5d8f964a1b4b1dd.jpg,2
train\Hieulenh\3-Copy-2-_png_jpg.rf.a5ac078cb1c6a161a4f612e3a2394b45.jpg,2
train\Hieulenh\4-Copy-2-_png_jpg.rf.1b779c700e9a5e477292df2b8d7ca187.jpg,2
train\Hieulenh\4-Copy-4-_png_jpg.rf.a97497323ec0b903ca2906be954c3822.jpg,2
train\Hieulenh\4_png_jpg.rf.14f436cbd1a9e932163d5aeb0bfa6286.jpg,2
train\Hieulenh\6-Copy-2-_png_jpg.rf.af798c8f46ba0feb86036444effc37ce.jpg,2
train\Hieulenh\6-Copy-4-_png_jpg.rf.7d80d62af7f7d26d01034c26003ea38f.jpg,2
train\Hieulenh\6_png_jpg.rf.ab746a40984da143ebaa261437673156.jpg,2
train\Hieulenh\7-Copy-2-_JPG_jpg.rf.aa49191f98ef0bbc2a1607a4dacd3c27.jpg,2
train\Hieulenh\7-Copy-2-_png_jpg.rf.881f4995ca76c70e3fa0565f9c46e27f.jpg,2
train\Hieulenh\7-Copy-3-_jpg.rf.10dac17789fdad3e427cdb8235cd7eaf.jpg,2
train\Hieulenh\7-Copy_JPG_jpg.rf.26a3db9072748daae1f9de62ddf43e2f.jpg,2
train\Hieulenh\8-Copy-2-_jpg.rf.cbc33a3c8a6cc357d4a778d1a283b57a.jpg,2
train\Hieulenh\8-Copy-2-_JPG_jpg.rf.1f85277b97f55de3e37ab051ba6f850b.jpg,2
train\Hieulenh\8-Copy-2-_png_jpg.rf.d830b8c666b1d1f95e7425257e5c9c10.jpg,2
train\Hieulenh\8-Copy_png_jpg.rf.0efaa5edea2977b63576bfdf6e9b9d37.jpg,2
train\Hieulenh\8-Copy_png_jpg.rf.702c2b7f363768eb6036ef84728a0df1.jpg,2
train\Hieulenh\9-Copy-2-_jpg.rf.4040c1a78f9750c4cef05dfea6589cb6.jpg,2
train\Hieulenh\9-Copy-2-_JPG_jpg.rf.28b0e52c2a4f8ae899d0b91cfeb1d0a9.jpg,2
train\Hieulenh\9-Copy-2-_JPG_jpg.rf.86193978b300480f6d1832af0fd43e70.jpg,2
train\Hieulenh\9-Copy-3-_png_jpg.rf.c1cd700ce127351e075e1dd13db0fb46.jpg,2
train\Hieulenh\9-Copy_png_jpg.rf.7ef9ebea52bf8c2166d84cf949c5f152.jpg,2
train\Hieulenh\9-Copy_png_jpg.rf.d201e3f6cf5e5957ab14906b6fcaaa6e.jpg,2
train\Hieulenh\Picture103_png.rf.5a7c1dafebb0cd0c0f4ad878278e5ef3.jpg,2
train\Hieulenh\Picture109_png.rf.08d862be85c490028790141875bce1ca.jpg,2
train\Hieulenh\Picture10_png.rf.b73e769e7a3860a6334e881c40bb7cbc.jpg,2
train\Hieulenh\Picture115_png.rf.8eb5331dd817b7f1aa8be80224ed3157.jpg,2
train\Hieulenh\Picture119_png.rf.a305ae71e5951dcad382adb6a0bf84e9.jpg,2
train\Hieulenh\Picture11_png.rf.1dd2bb197de680e227e5f2fa35368c58.jpg,2
train\Hieulenh\Picture14_png.rf.a2a7b1ab995e27335bd3d818791cf02e.jpg,2
train\Hieulenh\Picture2_png.rf.8a75b0ae23a3780c1755384b8413d0f9.jpg,2
train\Hieulenh\Picture32_png.rf.fb10dc8f9843a9656c6a430d51d79ed3.jpg,2
train\Hieulenh\Picture34_png.rf.fb5302078e6bd2e35baf7fd89f6b8ac8.jpg,2
train\Hieulenh\Picture35_png.rf.9813a792d3c52a40a9e43444fc79f78f.jpg,2
train\Hieulenh\Picture38_png.rf.01c43adc704c4cdb66a814ba9fe8fc6e.jpg,2
train\Hieulenh\Picture3_png.rf.7603f8df7240465f005c4623e266c96c.jpg,2
train\Hieulenh\Picture47_png.rf.f97b77548483c382e7ce8e0d0b57e1a2.jpg,2
train\Hieulenh\Picture4_png.rf.521bf113b16e74433c3ffff0b8fbd252.jpg,2
train\Hieulenh\Picture50_png.rf.79c09355d8f4a5deaa0198fb2c3ed1da.jpg,2
train\Hieulenh\Picture52_png.rf.49212f83bde14dff9c7f07667f1b42b0.jpg,2
train\Hieulenh\Picture53_png.rf.d5caf4167ee5c55f2d3e1205fbe01430.jpg,2
train\Hieulenh\Picture56_png.rf.418137eee2034bcc20ae52f5f059b5e0.jpg,2
train\Hieulenh\Picture62_png.rf.4788484a361d422dccbf825a6a71a4ce.jpg,2
train\Hieulenh\Picture63_png.rf.d7c369ed5979970e63a3a793d5d1a7da.jpg,2
train\Hieulenh\Picture69_png.rf.d2ca23427c53c359fd073028e622e2ff.jpg,2
train\Hieulenh\Picture6_png.rf.07d3a2f6154c9354698e54ecd19c3a90.jpg,2
train\Hieulenh\Picture75_png.rf.1bdea9f4f21857b46053b8492da56a42.jpg,2
train\Hieulenh\Picture77_png.rf.5dc00ad4619b91d79695bb326fee1008.jpg,2
train\Hieulenh\Picture83_png.rf.789fa11856afd15e662b7d8c187c9184.jpg,2
train\Hieulenh\Picture87_png.rf.d921dbae10f6bd200a28729a79f4d7b1.jpg,2
train\Hieulenh\Picture88_png.rf.6bad97610622e1ff7f52aa6be37b246c.jpg,2
train\Hieulenh\Picture8_png.rf.c8f9d8651ad6ac7751b2a25e4efe8b73.jpg,2
train\Hieulenh\Screenshot-2024-04-07-102904_jpg.rf.138d125463b4b72cce1cf42ce6bec23d.jpg,2
train\Hieulenh\Screenshot-2024-04-07-102904_jpg.rf.f13128af85c1da1980073b9387801f1f.jpg,2
train\Hieulenh\Screenshot-2024-04-07-104242_jpg.rf.9ab3c26822d26a7e8cec5493efc0aa95.jpg,2
train\Hieulenh\Screenshot-2024-04-07-104908_jpg.rf.9c75cf5a62f95092c0d8a4020bf28eb0.jpg,2
train\Hieulenh\Screenshot-2024-04-07-105028_jpg.rf.8cffc54827dd29535b54db72ad4829e9.jpg,2
train\Hieulenh\Screenshot-2024-04-07-112345_jpg.rf.acf0a2bba602abcdd95cf2d1c7079d8f.jpg,2
train\Hieulenh\Screenshot-2024-04-07-112456_jpg.rf.dff780da8ff11a1873233f3ed0ea596f.jpg,2
train\Hieulenh\Screenshot-2024-04-07-113539_jpg.rf.8397b055cad513d82f1091305efeca44.jpg,2
train\Hieulenh\Screenshot-2024-04-07-113723_jpg.rf.64ead1a97b1ffcfb1fcaedd125382296.jpg,2
train\Hieulenh\Screenshot-2024-04-07-113737_jpg.rf.e0c0dcac571e4bd302b5755a09c8fcf4.jpg,2
train\Hieulenh\Screenshot-2024-04-07-114401_jpg.rf.618d4ea11d47a710a4637adc501a1518.jpg,2
train\Hieulenh\Screenshot-2024-04-07-114411_jpg.rf.7ed9cfd71e4e05b0b7a1a8dd39c53d84.jpg,2
train\Hieulenh\Screenshot-2024-04-07-114440_jpg.rf.713160b5611ff4e1c3704102b3327daf.jpg,2
train\Hieulenh\Screenshot-2024-04-07-114829_jpg.rf.5514df707ac2d56956dad535ecbf9b39.jpg,2
train\Hieulenh\Screenshot-2024-04-07-115951_jpg.rf.7c1b53e8d4c8726362ffcfa8a084bd4b.jpg,2
train\Hieulenh\Screenshot-2024-04-07-120452_jpg.rf.ee684fb9901f602907e5894ac2b8108b.jpg,2
train\Hieulenh\Screenshot-2024-04-07-120600_jpg.rf.23048b4188aa750e3ceb1075e51936b9.jpg,2
train\Hieulenh\Screenshot-2024-04-07-122541_jpg.rf.6862adfcb7ab00caf81b1ec3e1d74a12.jpg,2
train\Hieulenh\Screenshot-2024-04-07-122603_jpg.rf.6430c92bc54d6df90051ce59fb644f68.jpg,2
train\Hieulenh\Screenshot-2024-04-07-122610_jpg.rf.c51eefb03ca3f2b8155268a420ee374f.jpg,2
train\Hieulenh\Screenshot-2024-04-07-122615_jpg.rf.a288b9a49a20f44c18278d5128908c0e.jpg,2
train\Hieulenh\Screenshot-2024-04-07-122621_jpg.rf.d928f452a33bc3dd2d9beb75604a457e.jpg,2
train\Hieulenh\Screenshot-2024-04-07-122734_jpg.rf.83c21a7bbae47ca1c20e0be16adc84e4.jpg,2
train\Hieulenh\Screenshot-2024-04-07-122747_jpg.rf.65d0a1901c2880eda69e4fbbd450e76e.jpg,2
train\Hieulenh\Screenshot-2024-04-07-122919_jpg.rf.0c797fadb3544d29a1476d645000b900.jpg,2
train\Hieulenh\Screenshot-2024-05-24-141332_png.rf.9fc35b846185ed13e2cd7a67a110ea43.jpg,2
train\Hieulenh\signR122_1_11zon_jpg.rf.2d11316d44dba50ac028dd9b6c49afbd.jpg,2
train\Hieulenh\signR301a_2_11zon_jpg.rf.22a596e1ae96614fce95acefc21391d7.jpg,2
train\Hieulenh\signR301b_3_11zon_jpg.rf.948bf7f8f47edf7cb1b2c5a86d76333f.jpg,2
train\Hieulenh\signR301c_4_11zon_jpg.rf.5dab7ac1919b829337f339f83cdee21c.jpg,2
train\Hieulenh\signR301e_6_11zon_jpg.rf.8a73f87720641aecee80096658b361ba.jpg,2
train\Hieulenh\signR301f_7_11zon_jpg.rf.56db4fbb02686f9db064484df3bdb5e5.jpg,2
train\Hieulenh\signR301h_9_11zon_jpg.rf.ebbfc8edb0b2df4fa83f6d9f04d99a1e.jpg,2
train\Hieulenh\signR302a_10_11zon_jpg.rf.7c64fce639009e56ccfd494e03296e28.jpg,2
train\Hieulenh\signR302b_11_11zon_jpg.rf.75b07b163a774c16c64773fb8b4ef441.jpg,2
train\Hieulenh\signR302c_12_11zon_jpg.rf.1658a3b846b9699eb0fbd3588ba28b58.jpg,2
train\Hieulenh\signR304_14_11zon_jpg.rf.34bf94baf81d97eb0bcc2f08c9942ca4.jpg,2
train\Hieulenh\signR305_15_11zon_jpg.rf.cab50f32d109aa64602b03bdf1f94a91.jpg,2
train\Hieulenh\signR308a_18_11zon_jpg.rf.e6f201523d11257c233d501e723a1b8f.jpg,2
train\Hieulenh\signR308b_19_11zon_jpg.rf.0100c73994851c9c5ca97eec06265191.jpg,2
train\Hieulenh\signR309_20_11zon_jpg.rf.55cfb6067d13776210ebd0d2bd66c369.jpg,2
train\Hieulenh\signR310a_21_11zon_jpg.rf.be8d37558630a8ccfa52d9f5981c0470.jpg,2
train\Hieulenh\signR310b_22_11zon_jpg.rf.35a9f6249b8b80cdec136cf791d9eae5.jpg,2
train\Hieulenh\signR403a_24_11zon_jpg.rf.0f453919d452b941ccbfa209bb5390fe.jpg,2
train\Hieulenh\signR403b_25_11zon_jpg.rf.1832ff282c330100fb05b369e578cc2a.jpg,2
train\Hieulenh\signR404a_26_11zon_jpg.rf.4fdac335de1edc11098ecb06bad2bc10.jpg,2
train\Hieulenh\signR411_28_11zon_jpg.rf.4ee91c95dc9697b00b4a7fa67857cf21.jpg,2
train\Hieulenh\signR412a_29_11zon_jpg.rf.54a08c997bc3e7d372dfa5923ef3c1e1.jpg,2
train\Hieulenh\signR412b_30_11zon_jpg.rf.e7d8b5ecb225dd4155ddc94c1f584187.jpg,2
train\Hieulenh\signR412c_31_11zon_jpg.rf.62c621e10b3833c0b37ba8cc1886aba7.jpg,2
train\Hieulenh\signR412f_33_11zon_jpg.rf.b3b6193c39c81501d925520b5e74d2b2.jpg,2
train\Hieulenh\signR413i_34_11zon_jpg.rf.8d1160a231b6b8ac191570fc66cfe7e5.jpg,2
train\Hieulenh\signR413j_35_11zon_jpg.rf.61a6d0e4c41993726af6b836b3c6568d.jpg,2
train\Hieulenh\signR413l_37_11zon_jpg.rf.b287ed16e57efb9629cb3dae8cfaa500.jpg,2
train\Hieulenh\signR413n_38_11zon_jpg.rf.b3373c2fdc0ac14c4830bc10abe6b7d3.jpg,2
train\Hieulenh\signR415_39_11zon_jpg.rf.575d4dad8629ae1cdb6465afae2e0830.jpg,2
train\Hieulenh\signR420_40_11zon_jpg.rf.6f49baa36b6d4b496549a3c9903f82c8.jpg,2
train\Hieulenh\signR421_41_11zon_jpg.rf.a44a8cd4b214b6d04a523baabe834591.jpg,2
train\Hieulenh\signRE10a_46_11zon_jpg.rf.e35178980328624eaea232b405861d04.jpg,2
train\Hieulenh\signRE10d_48_11zon_jpg.rf.e68780ba400907ae3813957b90c9dbde.jpg,2
train\Hieulenh\signRE11a_49_11zon_jpg.rf.72cb11739e656a4b2079db3f902cf370.jpg,2
train\Hieulenh\signRE11b_50_11zon_jpg.rf.6142780ce9f746f0c02cf14fa352c5bc.jpg,2
train\Hieulenh\signRE9a_42_11zon_jpg.rf.44684f3d39d9d567b64102352db86b04.jpg,2
train\Hieulenh\signRE9d_45_11zon_jpg.rf.0449221153816039d8beacd466d1fbee.jpg,2
train\Hieulenh\tai-xuong-1-_jpg.rf.690d1df8870454d4da7010e27b9317b1.jpg,2
train\Nguyhiem\bien-bao-giao-thong-giao-nhau-chay-theo-vong-xuyen-w206-1-0x0_jpg.rf.632435c045b61fec626ed8939699050b.jpg,3
train\Nguyhiem\bien-tam-giac-vang-vien-do-1_jpg.rf.65595f28607d1314e2c40e7b9f0db210.jpg,3
train\Nguyhiem\IMG_4095-MOV_out0045_png_jpg.rf.293a076d00e4d8cf5b8b612d09f7714a.jpg,3
train\Nguyhiem\Screenshot-2024-04-07-102019_jpg.rf.de9d8252305730734e2a59c4f75a1e8e.jpg,3
train\Nguyhiem\Screenshot-2024-04-07-102246_jpg.rf.1fb807aed73b282dcfc6817790e60aad.jpg,3
train\Nguyhiem\Screenshot-2024-04-07-102413_jpg.rf.16cd0b908514b5fd0f418b5d6e17ba43.jpg,3
train\Nguyhiem\Screenshot-2024-04-07-103000_jpg.rf.87f7e7e6b78649a2bf6213f751e52f02.jpg,3
train\Nguyhiem\Screenshot-2024-04-07-103050_jpg.rf.7d98595430da16f4cf48a48addfa0d89.jpg,3
train\Nguyhiem\Screenshot-2024-04-07-103102_jpg.rf.57b5ba7150e54ace533b3a72c154a108.jpg,3
train\Nguyhiem\Screenshot-2024-04-07-103811_jpg.rf.6e293db758f6a8e6e68e19fd9b153a92.jpg,3
train\Nguyhiem\Screenshot-2024-04-07-103928_jpg.rf.3a9ba5785bc133bb9c384814b4c9b522.jpg,3
train\Nguyhiem\Screenshot-2024-04-07-104115_jpg.rf.aba5d2785184a3713a17af332c0fb9a6.jpg,3
train\Nguyhiem\Screenshot-2024-04-07-104132_jpg.rf.92b5937474eb561b6c440059d597098d.jpg,3
train\Nguyhiem\Screenshot-2024-04-07-104258_jpg.rf.4c64b97607cf1371fcb206f6b5e23340.jpg,3
train\Nguyhiem\Screenshot-2024-04-07-104313_jpg.rf.76ecac510ce20e426b0ae6f820607856.jpg,3
train\Nguyhiem\Screenshot-2024-04-07-104326_jpg.rf.4bb18d2fe0cdeb70791ce2843bf674a7.jpg,3
train\Nguyhiem\Screenshot-2024-04-07-104503_jpg.rf.6873b414fbf46d51b751b97b0de07505.jpg,3
train\Nguyhiem\Screenshot-2024-04-07-104517_jpg.rf.f0786ede3bc848327bce822f21e68854.jpg,3
train\Nguyhiem\Screenshot-2024-04-07-104607_jpg.rf.fd37410de8bbbf4e3ae494d98170fa1d.jpg,3
train\Nguyhiem\Screenshot-2024-04-07-104700_jpg.rf.06b84870aa5e1b469d4c8d6a8acf9677.jpg,3
train\Nguyhiem\Screenshot-2024-04-07-104713_jpg.rf.ec6fc527def0bee13876d2a5ba8d0a71.jpg,3
train\Nguyhiem\Screenshot-2024-04-07-104727_jpg.rf.3e4b4c2d819403db45c46fe307326d54.jpg,3
train\Nguyhiem\Screenshot-2024-04-07-105057_jpg.rf.22be4b9b3c55e0caf87de6c4ddce3c31.jpg,3
train\Nguyhiem\Screenshot-2024-04-07-105149_jpg.rf.0d5cf2c3a6b6cbb048351761df2e5cf5.jpg,3
train\Nguyhiem\Screenshot-2024-04-07-105902_jpg.rf.f552d377f380ab11fde36b4f8ba51a56.jpg,3
train\Nguyhiem\Screenshot-2024-04-07-110351_jpg.rf.5ced6fe1677f9cdd241d858de8338f25.jpg,3
train\Nguyhiem\Screenshot-2024-04-07-110436_jpg.rf.1f95a39190a1d9208c028c433ac6131b.jpg,3
train\Nguyhiem\Screenshot-2024-04-07-110906_jpg.rf.c6197a660fc2146c543fad07803bcac4.jpg,3
train\Nguyhiem\Screenshot-2024-04-07-111331_jpg.rf.1443630e07436223c2f757e0359cf1ea.jpg,3
train\Nguyhiem\Screenshot-2024-04-07-111452_jpg.rf.426b9617d82014dcfc757f009db0415e.jpg,3
train\Nguyhiem\Screenshot-2024-04-07-111907_jpg.rf.ad7b8886e6df593c624ae2ac94f40358.jpg,3
train\Nguyhiem\Screenshot-2024-04-07-111940_jpg.rf.963c95a29bbe3c4e780d385bb8004908.jpg,3
train\Nguyhiem\Screenshot-2024-04-07-112031_jpg.rf.748fd3ecc2e4db52adbbcddea2780ac1.jpg,3
train\Nguyhiem\Screenshot-2024-04-07-112102_jpg.rf.f0e507137443358d95ab4339805993cc.jpg,3
train\Nguyhiem\Screenshot-2024-04-07-112330_jpg.rf.6d85a2f96e1cb90331a353544aa02401.jpg,3
train\Nguyhiem\Screenshot-2024-04-07-112359_jpg.rf.9bb3af920752e47ad1b3f4777f2a47cb.jpg,3
train\Nguyhiem\Screenshot-2024-04-07-112414_jpg.rf.18d3c4e134136e41836227f63eb06446.jpg,3
train\Nguyhiem\Screenshot-2024-04-07-112858_jpg.rf.c0cef3781e88bc021287c18588d7cfd1.jpg,3
train\Nguyhiem\Screenshot-2024-04-07-113323_jpg.rf.05ceb7aeca61e5d33d8dccf9b779abe5.jpg,3
train\Nguyhiem\Screenshot-2024-04-07-113401_jpg.rf.5bdbce5f60e1e72f19ce32976c30407b.jpg,3
train\Nguyhiem\Screenshot-2024-04-07-113442_jpg.rf.e3926628c8371ca16d322312dc623c14.jpg,3
train\Nguyhiem\Screenshot-2024-04-07-113508_jpg.rf.bcc77e10d302ab6ade4921116891498e.jpg,3
train\Nguyhiem\Screenshot-2024-04-07-113519_jpg.rf.1dc0016745fb71343718844da2e5af92.jpg,3
train\Nguyhiem\Screenshot-2024-04-07-113603_jpg.rf.861f7b08412d4a78d72356276fda15f2.jpg,3
train\Nguyhiem\Screenshot-2024-04-07-113612_jpg.rf.16f37a93193033fe006aad15ba4f5280.jpg,3
train\Nguyhiem\Screenshot-2024-04-07-114234_jpg.rf.5dc0b4de2784bdbb7ba93c99394fcc0f.jpg,3
train\Nguyhiem\Screenshot-2024-04-07-114246_jpg.rf.9a8fcba040637ff11f475940733a1fa3.jpg,3
train\Nguyhiem\Screenshot-2024-04-07-115003_jpg.rf.b9497b6d4e0e9db39870262520097596.jpg,3
train\Nguyhiem\Screenshot-2024-04-07-115455_jpg.rf.08c29fee12066eeb7d4aac51148238d6.jpg,3
train\Nguyhiem\Screenshot-2024-04-07-115854_jpg.rf.33f6babdd84ec5ae834816c04f60249e.jpg,3
train\Nguyhiem\Screenshot-2024-04-07-115908_jpg.rf.bfa4572c89c8f39620716e3984e9daf8.jpg,3
train\Nguyhiem\Screenshot-2024-04-07-115931_jpg.rf.01ad0955de41f135e7dec0b781670d6c.jpg,3
train\Nguyhiem\Screenshot-2024-04-07-120031_jpg.rf.0a44b9ecba83fb5d4b9bf8746bc67a45.jpg,3
train\Nguyhiem\Screenshot-2024-04-07-120114_jpg.rf.0d5482c32733c1ba837f307736ff07f9.jpg,3
train\Nguyhiem\Screenshot-2024-04-07-120254_jpg.rf.d47aa9ed42e8fdc537bdb713ed2d5df7.jpg,3
train\Nguyhiem\Screenshot-2024-04-07-120304_jpg.rf.901e16cff8d534279aa2f3b44a83b5d7.jpg,3
train\Nguyhiem\Screenshot-2024-04-07-120312_jpg.rf.bfc4ca8f6cfe3e1c50ab562620f6fff5.jpg,3
train\Nguyhiem\Screenshot-2024-04-07-120319_jpg.rf.ef093b71909e085fcc1c6f59d8d1e477.jpg,3
train\Nguyhiem\Screenshot-2024-04-07-120435_jpg.rf.d69f757966786f1db2c220e648780efe.jpg,3
train\Nguyhiem\signW201a_1_11zon_jpg.rf.ffe63c32587a0280e1211076ea3fa86b.jpg,3
train\Nguyhiem\signW201b_2_11zon_jpg.rf.af324dd20af444a8021d89da27520553.jpg,3
train\Nguyhiem\signW201c_3_11zon_jpg.rf.039ef30773299acddfa784a6b6474c1b.jpg,3
train\Nguyhiem\signW202b_6_11zon_jpg.rf.79487dd872d35d404ccdb51b07cd1582.jpg,3
train\Nguyhiem\signW203a_7_11zon_jpg.rf.c9578621bbe146926bcf7282d4e85289.jpg,3
train\Nguyhiem\signW203b_8_11zon_jpg.rf.671398a319cee33797b5e03a64f2b364.jpg,3
train\Nguyhiem\signW203c_9_11zon_jpg.rf.1345633db3fcbb268ace99fb0ac198df.jpg,3
train\Nguyhiem\signW204_10_11zon_jpg.rf.ace215dea98264481ec148af5cae7797.jpg,3
train\Nguyhiem\signW205a_11_11zon_jpg.rf.1d8d8c7f23a65efd5d23aa6aac4ff672.jpg,3
train\Nguyhiem\signW205b_12_11zon_jpg.rf.8ebf8f94ff65aa1b23fe7864c3559432.jpg,3
train\Nguyhiem\signW205c_13_11zon_jpg.rf.284dc824dabbf7d0f715aa4c51fc59a3.jpg,3
train\Nguyhiem\signW205e_15_11zon_jpg.rf.77202c8580e5113b837c6f0642cc223d.jpg,3
train\Nguyhiem\signW206_16_11zon_jpg.rf.e37e6fbae1dd9c00904d7664af865ddd.jpg,3
train\Nguyhiem\signW207a_17_11zon_jpg.rf.edddc2f7c2ec3d28c39b08cf94ebe7d8.jpg,3
train\Nguyhiem\signW207b_18_11zon_jpg.rf.90d94c324ebbcfd375d9e6525edcee3e.jpg,3
train\Nguyhiem\signW207c_19_11zon_jpg.rf.eccb3f3046e242ed948325e94782e99d.jpg,3
train\Nguyhiem\signW207d_20_11zon_jpg.rf.c8d37cbc662b9d362bcf8f4435c33c90.jpg,3
train\Nguyhiem\signW207e_21_11zon_jpg.rf.3d7ab9ab906c8d3f83721b68d4fd5e51.jpg,3
train\Nguyhiem\signW207f_22_11zon_jpg.rf.d582e864c33d08c36117428b0dd748df.jpg,3
train\Nguyhiem\signW207g_23_11zon_jpg.rf.06113431f06a3a61d6b0ef96953b8815.jpg,3
train\Nguyhiem\signW207h_24_11zon_jpg.rf.82b898df42f5bd5fb7584356c47efb84.jpg,3
train\Nguyhiem\signW207i_25_11zon_jpg.rf.a3862b6578fc67583f71c91666af5276.jpg,3
train\Nguyhiem\signW207l_27_11zon_jpg.rf.ea21155de0890fc993d9c0b7036727b1.jpg,3
train\Nguyhiem\signW208_28_11zon_jpg.rf.717140b32aaa25b446669f5167170f68.jpg,3
train\Nguyhiem\signW209_29_11zon_jpg.rf.def447ce061285952b963e64a1fc01ca.jpg,3
train\Nguyhiem\signW210_30_11zon_jpg.rf.1906f07c85b6a55a6dfa0adf0eb15e00.jpg,3
train\Nguyhiem\signW212_33_11zon_jpg.rf.c5eca5cb32d8ade7a08f7cec57861922.jpg,3
train\Nguyhiem\signW214_35_11zon_jpg.rf.fe22193c99fbd396ea681826b0c9af7c.jpg,3
train\Nguyhiem\signW216a_39_11zon_jpg.rf.2ba00082dd961dd06a98672eca296c74.jpg,3
train\Nguyhiem\signW216b_40_11zon_jpg.rf.c793971e3ede8e29b584164d978c080a.jpg,3
train\Nguyhiem\signW217_41_11zon_jpg.rf.97c9970c223267cf7facbdd00be9190f.jpg,3
train\Nguyhiem\signW219_43_11zon_jpg.rf.9b55d1e881451f0fcbced09672c81fbb.jpg,3
train\Nguyhiem\signW220_44_11zon_jpg.rf.804dd9ff348c2dcf4c328237276853a9.jpg,3
train\Nguyhiem\signW221a_45_11zon_jpg.rf.fef1cb23a7455370122fe792e7536806.jpg,3
train\Nguyhiem\signW221b_46_11zon_jpg.rf.cd68d48f5657b35a0a163700ae1c6650.jpg,3
train\Nguyhiem\signW222a_47_11zon_jpg.rf.cbefbce399a708a021c1488c71eacf82.jpg,3
train\Nguyhiem\signW223b_50_11zon_jpg.rf.132461bc67d4e41869fb89fff65c292e.jpg,3
train\Nguyhiem\signW224_1_11zon_jpg.rf.71b7d770dd94fc139fe2a3e297a6bd22.jpg,3
train\Nguyhiem\signW225_2_11zon_jpg.rf.cd5ba215d54f5a2b715ea0e19609784f.jpg,3
train\Nguyhiem\signW227_4_11zon_jpg.rf.d4cd74fd22052314b6d2b5238fae75f3.jpg,3
train\Nguyhiem\signW228b_6_11zon_jpg.rf.e9e04a20f189df3b91ef0d5d0d7b9e79.jpg,3
train\Nguyhiem\signW228c_7_11zon_jpg.rf.72dd7f4634332792bc8450bb3ca13bb9.jpg,3
train\Nguyhiem\signW229_9_11zon_jpg.rf.4bed50a41060734ab859332eaaab96c4.jpg,3
train\Nguyhiem\signW231_11_11zon_jpg.rf.42fdc027da53fe0ec9dad967d8c1d748.jpg,3
train\Nguyhiem\signW232_12_11zon_jpg.rf.969b8e7d2369af54d65af697a45cb83d.jpg,3
train\Nguyhiem\signW233_13_11zon_jpg.rf.861df3d948920e71a1abe7b29d2b3b23.jpg,3
train\Nguyhiem\signW234_14_11zon_jpg.rf.794b1a08272278d1787e3104c057b7da.jpg,3
train\Nguyhiem\signW236_16_11zon_jpg.rf.995afe35ae40624a7f0c909513afd2a3.jpg,3
train\Nguyhiem\signW237_17_11zon_jpg.rf.ece085a8a69da49861ef53f6d1273fa0.jpg,3
train\Nguyhiem\signW238_18_11zon_jpg.rf.43aa88a552b886d630083413c779888f.jpg,3
train\Nguyhiem\signW239_19_11zon_jpg.rf.d0991f0afb94290a8758033af5a6fe51.jpg,3
train\Nguyhiem\signW240_20_11zon_jpg.rf.7e3edb4b6b919d7355ef0df21d6f7110.jpg,3
train\Nguyhiem\signW241_21_11zon_jpg.rf.5cc3976f09129a212bb166b5f03007ca.jpg,3
train\Nguyhiem\signW242b_23_11zon_jpg.rf.a9c1a7332847f462f7acc36cf37f7087.jpg,3
train\Nguyhiem\signW243a_24_11zon_jpg.rf.3e65a21de2926dd82827fe3c4f120211.jpg,3
train\Nguyhiem\signW243b_25_11zon_jpg.rf.8eb75e044d30b8c66e15d44da6685a51.jpg,3
train\Nguyhiem\signW243c_26_11zon_jpg.rf.2a3a0cb757d716f4b11ca42da6755d30.jpg,3
train\Nguyhiem\signW245a_28_11zon_jpg.rf.af9715432a7b02088d0e850ccca8ec4d.jpg,3
train\Nguyhiem\signW245b_29_11zon_jpg.rf.f5715ed798b878ed8ba4dd7d77695325.jpg,3
train\Nguyhiem\signW246a_30_11zon_jpg.rf.dde835d3704c99ffbb54da73a01a73f7.jpg,3
train\Nguyhiem\signW246b_31_11zon_jpg.rf.8b1bcec92554f400f6fc9b3e216da5e7.jpg,3
train\Nguyhiem\signW246c_32_11zon_jpg.rf.a3b53fb9e3a344f6be913f9614b358cd.jpg,3
train\Nguyhiem\signW247_33_11zon_jpg.rf.7aa9ac51607448095bb253889fe2688c.jpg,3
train\Phu\445556546_2242955406036052_4093378882039620812_n_png.rf.5d1f772d0e14a9590ceb36f9d23bace0.jpg,4
train\Phu\445601788_2088088184900949_6430034073984375999_n_png.rf.8f8e0524f987701fb4bc7ca81cda9305.jpg,4
train\Phu\Picture102_png.rf.60c7c8bce4b4331a7bb3f9565e7bba14.jpg,4
train\Phu\Picture107_png.rf.527825d19b72b0a5dad5892b0b206382.jpg,4
train\Phu\Picture122_png.rf.3a306ff40bdc2265625dceeb18156c9b.jpg,4
train\Phu\Picture123_png.rf.d75707b64b82eadab2be3bf1588935e1.jpg,4
train\Phu\Picture124_png.rf.71cdbce58eecc82f91729a1441eeb918.jpg,4
train\Phu\Picture125_png.rf.07cc65a9ee0a2de8663b54ff6b29c80f.jpg,4
train\Phu\Picture126_png.rf.9796ffad56b472b8aafc244033b0dc56.jpg,4
train\Phu\Picture129_png.rf.3eb5ec7754f98c40777364b59b8756e7.jpg,4
train\Phu\Picture130_png.rf.243f6d11a04f6b2ac44f8462f9a3d7e1.jpg,4
train\Phu\Picture131_png.rf.5571179bced2299b0842aa177de387b9.jpg,4
train\Phu\Picture133_png.rf.48429b7791f17cb31c03c2e70cb6bb12.jpg,4
train\Phu\Picture134_png.rf.d604a6f8a7667f3136cfea35d5f9b66d.jpg,4
train\Phu\Picture135_png.rf.3f50b40597bb3d65851d8e1fd42cc5c2.jpg,4
train\Phu\Picture136_png.rf.a878c609d70c31802bc2c9493f198575.jpg,4
train\Phu\Picture137_png.rf.bbe71e97f78be70f50e24b60e5c3f0f6.jpg,4
train\Phu\Picture138_png.rf.926c584ecf87b2e3566a7ba9ee82c0eb.jpg,4
train\Phu\Picture139_png.rf.9ee8c04850756c8e437e1b06d9519c94.jpg,4
train\Phu\Picture141_png.rf.3b04149822669f0cec2180b246ab13b0.jpg,4
train\Phu\Picture143_png.rf.de2c8a7849f0fa1e2e091f7da7279de9.jpg,4
train\Phu\Picture144_png.rf.be0a4b6543c30c32227e4480b946ef1f.jpg,4
train\Phu\Picture145_png.rf.b96fc46686d3d6deebb3a6f369ed432d.jpg,4
train\Phu\Picture146_png.rf.254fb3e6f2ad453d0af63783aedef893.jpg,4
train\Phu\Picture148_png.rf.bbc9c1c2bdac7a79afe779f51bf57da7.jpg,4
train\Phu\Picture149_png.rf.2b4fc9ae64f52b62d53bfb9ba5dbb3eb.jpg,4
train\Phu\Picture150_png.rf.f7f42206fb9f58f1a16efa7cedb35878.jpg,4
train\Phu\Picture151_png.rf.69566824152dfe5bf44f40853405de10.jpg,4
train\Phu\Picture152_png.rf.7e184ec10286742f749842fd281834f7.jpg,4
train\Phu\Picture153_png.rf.a69ef7b11d4fd84195b0a7b5ff2402ad.jpg,4
train\Phu\Picture154_png.rf.9c00300281f79206e41bdd5c8fb0c8ea.jpg,4
train\Phu\Picture155_png.rf.48973c59f646eb4ac4417298c6194532.jpg,4
train\Phu\Picture156_png.rf.83c15e9814ff51db56620063525af14d.jpg,4
train\Phu\Picture157_png.rf.f3ae0dbbbcc9128a579570c562c60deb.jpg,4
train\Phu\Picture158_png.rf.a86901e8207dcdf83bfa30034b9db8b2.jpg,4
train\Phu\Picture159_png.rf.13f9261a35c7e06997dc7330c236b12c.jpg,4
train\Phu\Picture161_png.rf.ff38ef1e969bcd1eaf91d040c6868757.jpg,4
train\Phu\Picture162_png.rf.0d21c541d98224bd656f1a69e793ddb9.jpg,4
train\Phu\Picture163_png.rf.460f4f71c5100b53f12359fe61f1bc47.jpg,4
train\Phu\Picture164_png.rf.44e29e4555b6d64f889bb022500b371c.jpg,4
train\Phu\Picture165_png.rf.2cf9b7db18212b4e2af86774dbc04f93.jpg,4
train\Phu\Picture17_png.rf.262596c84f876a09427ed996abcb9bf8.jpg,4
train\Phu\Picture18_png.rf.97577b1d2cd8f6e207329c129ed11451.jpg,4
train\Phu\Picture20_png.rf.5323a7b2c35a71e95361839b9f415010.jpg,4
train\Phu\Picture25_png.rf.507b7596f8f737b4c215a47f407f9cb8.jpg,4
train\Phu\Picture26_png.rf.30d7b7bcfa485589e0664aa51f904852.jpg,4
train\Phu\Picture28_png.rf.a5e873a6aaebcbfccc4e9390df1de0a5.jpg,4
train\Phu\Picture29_png.rf.6cc7c8f6b67aa2f77ab1109c01b6aa36.jpg,4
train\Phu\Picture31_png.rf.f4d6405dbc860ddfba29fb5214b11606.jpg,4
train\Phu\Picture36_png.rf.222bc205429d59d51ebd3e15ebab0891.jpg,4
train\Phu\Picture40_png.rf.2453f04840bf4dccee8e9c327cf0a78d.jpg,4
train\Phu\Picture43_png.rf.822c95a00c10e6e8760912aaf04ebda7.jpg,4
train\Phu\Picture54_png.rf.f661e5a541b63a774b63634a74ef7c77.jpg,4
train\Phu\Picture55_png.rf.f70ed65577e4c8fe3130b6d8090c156c.jpg,4
train\Phu\Picture68_png.rf.5fff1ea1e4b61ac13a5bc0a18066b4bb.jpg,4
train\Phu\Picture80_png.rf.8279ba7f1f5cb467dbab13b98468dc89.jpg,4
train\Phu\Picture82_png.rf.2fb8ddf7f7ad65e97b2d5a31ac707f02.jpg,4
train\Phu\Picture93_png.rf.065b66ec5c2f9d84f9f12b7c8db12d39.jpg,4
train\Phu\Picture94_png.rf.298057ca4e9670bf7fa0f6ad6d64c76d.jpg,4
train\Phu\Screenshot-2024-04-07-104840_jpg.rf.5c32a8c09d4af3cae5bfd5f8ad5025a8.jpg,4
train\Phu\Screenshot-2024-04-07-105305_jpg.rf.1bc347ba86dd757d62ade886dabebe4e.jpg,4
train\Phu\Screenshot-2024-04-07-105519_jpg.rf.c8687dd7bf291329b8674c7fe952b777.jpg,4
train\Phu\Screenshot-2024-04-07-105929_jpg.rf.dc9e9aca1327c23ce568cb4621c6e7a9.jpg,4
train\Phu\Screenshot-2024-04-07-110113_jpg.rf.ef825d8f15bd6ee210f8846fb04c89f8.jpg,4
train\Phu\Screenshot-2024-04-07-110238_jpg.rf.fcd7006e47acf42cdc7e6fb1bd6d2d33.jpg,4
train\Phu\Screenshot-2024-04-07-110248_jpg.rf.951739a3923998c622ffe52ea30bd016.jpg,4
train\Phu\Screenshot-2024-04-07-111205_jpg.rf.854cacb7e77b19c9a565c425a981f78c.jpg,4
train\Phu\Screenshot-2024-04-07-112149_jpg.rf.50f7aac5d9bc9b3d121eac3745d2ab95.jpg,4
train\Phu\Screenshot-2024-04-07-113030_jpg.rf.da746d15aafdc41618f7dcffc277626d.jpg,4
train\Phu\Screenshot-2024-04-07-113125_jpg.rf.b4aaac58e70b7f0c177762eedafff68a.jpg,4
train\Phu\Screenshot-2024-04-07-113147_jpg.rf.ec2cdeeb2201595fe16e348f2073681c.jpg,4
train\Phu\Screenshot-2024-04-07-113156_jpg.rf.b72b5b92339bfee472f2dd8840f26246.jpg,4
train\Phu\Screenshot-2024-04-07-113243_jpg.rf.3ed5ccf01c786f887578a3afd5a38658.jpg,4
train\Phu\Screenshot-2024-04-07-114326_jpg.rf.8efce588ec70cccd5c0db9dd10b4a697.jpg,4
train\Phu\Screenshot-2024-04-07-114351_jpg.rf.c91db38ca95cc2b36f9bdbe42447f5f5.jpg,4
train\Phu\Screenshot-2024-04-07-114507_jpg.rf.fea751a3de710c0b73039dc5bff531f4.jpg,4
train\Phu\Screenshot-2024-04-07-114544_jpg.rf.c854649fe179dfba5400a0c1c3e4daf9.jpg,4
train\Phu\Screenshot-2024-04-07-115304_jpg.rf.5dcd68991b0abacb6a63252e88b913bd.jpg,4
train\Phu\Screenshot-2024-04-07-115333_jpg.rf.fa6780802f3454d113baa28fec0024b8.jpg,4
train\Phu\Screenshot-2024-04-07-115359_jpg.rf.6256a5a650bdb0f17643bb4997c32411.jpg,4
train\Phu\Screenshot-2024-04-07-115410_jpg.rf.e2fb74217294010fa751862f769585c1.jpg,4
train\Phu\Screenshot-2024-04-07-115522_jpg.rf.32a31f39b58b5fd5f330c27462ad4207.jpg,4
train\Phu\Screenshot-2024-04-07-120355_jpg.rf.d8996ab6c7f5f5477fe1c16079f1bba3.jpg,4
train\Phu\Screenshot-2024-04-07-120541_jpg.rf.4b5ac8535d3bce4b7f7653144af8f784.jpg,4
train\Phu\Screenshot-2024-04-07-120629_jpg.rf.45de6f477170386105bebd03573e03a6.jpg,4
train\Phu\Screenshot-2024-04-07-123141_jpg.rf.e0ccb86cb464183dba8c14ad9a633199.jpg,4
train\Phu\Screenshot-2024-04-07-123150_jpg.rf.88daa3790fb0a015ab64f2a4585c95b3.jpg,4
train\Phu\Screenshot-2024-04-07-123200_jpg.rf.acdc6c35e836ca15447cf77b139dd555.jpg,4
train\Phu\Screenshot-2024-04-07-123208_jpg.rf.bea6746202bce1fcee8f701440768926.jpg,4
train\Phu\Screenshot-2024-04-07-123224_jpg.rf.8d485d42cf7e60be139c0d273b0b25f7.jpg,4
train\Phu\Screenshot-2024-04-07-123324_jpg.rf.368dc398772a25b53e77348fc5ad4f34.jpg,4
train\Phu\Screenshot-2024-04-07-123347_jpg.rf.7b00949b283eb937986cc74e9d94cbaf.jpg,4
train\Phu\signS501_jpg.rf.234792a20b918f0b950ff5402c1c2406.jpg,4
train\Phu\signS502_jpg.rf.31849e95a1a119e397567b2f37dd00f2.jpg,4
train\Phu\signS503a_jpg.rf.59f8e454b1379cbd8582a8b071679443.jpg,4
train\Phu\signS503b_jpg.rf.b755a017beb1bdcc5b24ac214cc713bd.jpg,4
train\Phu\signS503d_jpg.rf.98c19a34921972b2645b3d83ef9e6790.jpg,4
train\Phu\signS503e_jpg.rf.cc2168cc6c3d3414d03ab57bf1f3173c.jpg,4
train\Phu\signS503f_jpg.rf.4550db8c726c1c075529a03c853dc079.jpg,4
train\Phu\signS504_jpg.rf.1fe1adf78bab0c59339a61b2c24601c2.jpg,4
train\Phu\signS506a_jpg.rf.94aab2a1f39e621721be3e7df4328277.jpg,4
train\Phu\signS506b_jpg.rf.36b6a54cb33a4d8a6d2dac8c10c6eb8c.jpg,4
